City_ID,City,Lat,Lng,Max Temp,Humidity,Cloudiness,Wind Speed,Country,Date
0,hobart,-42.8794,147.3294,57.06,81,75,4.61,AU,1675887011
1,albany,42.6001,-73.9662,46.67,51,10,1.99,US,1675886932
2,vaini,-21.2,-175.2,82.56,83,75,2.3,TO,1675887221
3,jacareacanga,-6.2222,-57.7528,82.62,87,24,3.24,BR,1675887636
4,salalah,17.0151,54.0924,73.49,73,0,2.3,OM,1675887379
5,yarmouth,41.7057,-70.2286,48.67,60,0,10.36,US,1675887637
6,brooks,50.5834,-111.8851,31.98,75,93,14.97,CA,1675887602
7,arraial do cabo,-22.9661,-42.0278,80.56,78,40,10.36,BR,1675887285
8,rikitea,-23.1203,-134.9692,79.5,74,46,13.69,PF,1675887218
9,majene,-3.5403,118.9707,79.2,75,100,6.98,ID,1675887637
10,tefe,-3.3542,-64.7114,87.91,70,20,4.61,BR,1675887637
11,new norfolk,-42.7826,147.0587,56.7,67,100,1.48,AU,1675887209
12,aklavik,68.2191,-135.0107,-20.2,76,75,2.3,CA,1675887344
13,whitewater,42.8336,-88.7323,45.27,57,100,7.76,US,1675887638
14,port elizabeth,-33.918,25.5701,69.31,83,100,3.0,ZA,1675887199
15,punta arenas,-53.15,-70.9167,60.91,79,100,19.57,CL,1675887176
16,east london,-33.0153,27.9116,70.81,81,100,4.56,ZA,1675887046
17,cape town,-33.9258,18.4232,73.35,66,0,13.0,ZA,1675887217
18,port alfred,-33.5906,26.891,68.18,93,100,6.38,ZA,1675887126
19,mananjary,-21.2167,48.3333,75.16,91,98,5.1,MG,1675887639
20,nanortalik,60.1432,-45.2371,30.6,83,100,9.1,GL,1675887519
21,nikolskoye,59.7035,30.7861,33.8,93,100,7.29,RU,1675887220
22,yellowknife,62.456,-114.3525,-1.91,92,13,4.41,CA,1675887166
23,qaanaaq,77.484,-69.3632,-26.21,67,16,6.2,GL,1675887294
24,san patricio,28.017,-97.5169,60.75,79,100,16.35,US,1675887238
25,saskylakh,71.9167,114.0833,-36.81,100,92,5.73,RU,1675886964
26,mokhsogollokh,61.4681,128.9203,-43.64,100,100,2.28,RU,1675887640
27,ribeira grande,38.5167,-28.7,55.8,62,20,8.01,PT,1675886983
28,mangla,31.8931,72.3817,55.22,37,35,7.65,PK,1675887641
29,malanville,11.8685,3.3899,83.95,11,98,8.84,BJ,1675887642
30,riohacha,11.5444,-72.9072,85.95,55,10,18.25,CO,1675887642
31,hilo,19.7297,-155.09,74.28,85,100,1.99,US,1675887219
32,eastlake,41.6539,-81.4504,48.34,66,0,5.75,US,1675887642
33,busselton,-33.65,115.3333,58.44,90,2,10.8,AU,1675887213
34,kruisfontein,-34.0033,24.7314,64.89,74,100,7.4,ZA,1675887288
35,hasaki,35.7333,140.8333,35.22,51,4,19.95,JP,1675887287
36,cidreira,-30.1811,-50.2056,79.5,76,0,16.13,BR,1675887173
37,staryy nadym,65.6118,72.6842,8.02,96,99,16.46,RU,1675887643
38,broome,42.2506,-75.833,46.6,53,0,6.91,US,1675887643
39,north bend,43.4065,-124.2243,52.16,81,20,0.0,US,1675887466
40,kamenka,51.3223,42.7678,4.6,98,77,5.1,RU,1675887644
41,tiksi,71.6872,128.8694,-40.2,99,56,5.77,RU,1675887455
42,igrim,63.1906,64.4162,18.77,89,54,9.93,RU,1675887644
43,mayskiy,47.6931,40.1025,15.21,89,6,11.52,RU,1675887644
44,port macquarie,-31.4333,152.9167,65.89,73,72,5.12,AU,1675887645
45,georgetown,5.4112,100.3354,80.53,89,20,0.0,MY,1675887130
46,bengkulu,-3.8004,102.2655,74.61,86,85,5.1,ID,1675887477
47,castro,-24.7911,-50.0119,80.96,50,7,3.11,BR,1675887205
48,jamame,0.0722,42.7506,76.39,83,6,12.41,SO,1675887645
49,verkhnetulomskiy,68.6073,31.7962,39.33,74,100,20.11,RU,1675887575
50,saint george,37.1041,-113.5841,53.94,38,0,4.0,US,1675887247
51,ushuaia,-54.8,-68.3,64.02,63,100,9.86,AR,1675887064
52,atuona,-9.8,-139.0333,79.14,80,19,20.78,PF,1675887217
53,casas grandes,30.3667,-107.95,51.66,20,3,1.36,MX,1675887646
54,mecca,21.4267,39.8261,66.45,48,26,9.26,SA,1675887635
55,faanui,-16.4833,-151.75,80.42,74,22,11.21,PF,1675887221
56,port hawkesbury,45.6169,-61.3485,35.19,87,100,18.01,CA,1675887646
57,mataura,-46.1927,168.8643,50.49,89,94,7.99,NZ,1675887248
58,comodoro rivadavia,-45.8667,-67.5,83.7,27,13,10.18,AR,1675887224
59,bredasdorp,-34.5322,20.0403,67.82,77,0,15.73,ZA,1675887058
60,opuwo,-18.0607,13.84,72.68,38,100,8.34,NA,1675887647
61,victoria,22.2855,114.1577,65.95,89,100,13.0,HK,1675887126
62,hat yai,7.0084,100.4767,73.58,94,20,3.44,TH,1675887647
63,tasiilaq,65.6145,-37.6368,3.36,51,0,11.12,GL,1675887282
64,lamu,-2.2717,40.902,79.02,86,7,14.05,KE,1675887648
65,kentau,43.5206,68.5094,36.36,94,100,2.15,KZ,1675887648
66,buraydah,26.326,43.975,54.05,38,100,8.55,SA,1675887649
67,tuatapere,-46.1333,167.6833,48.27,85,94,10.11,NZ,1675887536
68,tambovka,50.0969,128.0489,-24.9,100,87,1.83,RU,1675887649
69,chuy,-33.6971,-53.4616,79.9,66,100,9.6,UY,1675887233
70,husavik,66.0449,-17.3389,20.28,75,98,8.75,IS,1675887231
71,bluff,-46.6,168.3333,50.81,65,72,22.84,NZ,1675887216
72,khatanga,71.9667,102.5,-45.47,100,63,4.52,RU,1675887331
73,nelson bay,-32.7167,152.15,73.0,87,26,5.01,AU,1675887650
74,san cristobal,7.7669,-72.225,77.18,42,33,5.21,VE,1675887361
75,longyearbyen,78.2186,15.6401,24.64,80,100,20.71,SJ,1675887514
76,namibe,-15.1961,12.1522,72.27,71,100,11.9,AO,1675887480
77,dukat,62.55,155.55,-40.95,100,83,3.69,RU,1675887650
78,dikson,73.5069,80.5464,3.16,77,100,12.17,RU,1675887202
79,ceske velenice,48.7685,14.9637,25.29,82,7,5.01,CZ,1675887650
80,natal,-5.795,-35.2094,84.85,69,0,17.27,BR,1675887651
81,geraldton,-28.7667,114.6,66.61,82,0,3.44,AU,1675887406
82,tabuk,17.4189,121.4443,67.03,91,100,3.83,PH,1675887651
83,hermanus,-34.4187,19.2345,69.8,73,0,15.46,ZA,1675887274
84,tuktoyaktuk,69.4541,-133.0374,-32.8,68,20,0.0,CA,1675887349
85,mar del plata,-38.0023,-57.5575,85.82,60,0,5.01,AR,1675887154
86,fairbanks,64.8378,-147.7164,6.22,82,100,0.0,US,1675887300
87,nyazepetrovsk,56.0531,59.6028,10.33,94,100,11.03,RU,1675887652
88,fort-shevchenko,44.5086,50.263,25.54,87,100,22.15,KZ,1675887652
89,hithadhoo,-0.6,73.0833,81.28,74,35,8.05,MV,1675887332
90,sistranda,63.7256,8.834,44.56,65,100,12.86,NO,1675887588
91,anadyr,64.75,177.4833,-28.7,68,0,11.18,RU,1675887653
92,lavrentiya,65.5833,-171.0,-12.68,90,100,4.05,RU,1675887385
93,launceston,-41.45,147.1667,56.61,86,75,5.75,AU,1675887489
94,mackay,-21.15,149.2,78.67,81,92,24.96,AU,1675887518
95,baruun-urt,46.6806,113.2792,6.57,90,100,5.26,MN,1675887653
96,saint-philippe,-21.3585,55.7679,78.39,84,59,12.17,RE,1675887055
97,upernavik,72.7868,-56.1549,-26.18,84,15,5.57,GL,1675887224
98,yumen,40.2833,97.2,24.48,55,0,0.65,CN,1675887353
99,altona,53.55,9.9333,32.76,76,0,11.5,DE,1675887654
100,veselynove,47.3567,31.2349,23.76,70,2,13.27,UA,1675887654
101,rio gallegos,-51.6226,-69.2181,80.65,24,75,33.38,AR,1675887654
102,tairua,-37.0167,175.85,65.43,63,13,10.89,NZ,1675887654
103,los llanos de aridane,28.6585,-17.9182,58.75,74,75,4.61,ES,1675887291
104,kalanguy,51.0167,116.5167,-8.84,82,17,4.59,RU,1675887655
105,shelburne,44.0787,-80.2041,41.45,70,22,9.06,CA,1675887637
106,chokurdakh,70.6333,147.9167,-30.69,98,100,5.21,RU,1675887220
107,jamestown,42.097,-79.2353,41.95,56,0,5.75,US,1675887042
108,myitkyina,25.3833,97.4,56.21,67,13,2.77,MM,1675887462
109,poum,-20.2333,164.0167,82.13,78,100,11.25,NC,1675887481
110,klaksvik,62.2266,-6.589,34.72,62,85,30.98,FO,1675887301
111,makakilo city,21.3469,-158.0858,77.32,58,0,13.8,US,1675887233
112,clyde river,70.4692,-68.5914,-28.97,68,20,4.61,CA,1675887298
113,coquimbo,-29.9533,-71.3436,69.53,73,0,14.97,CL,1675887231
114,mednogorskiy,43.9178,41.1825,11.41,96,79,3.42,RU,1675887656
115,banda aceh,5.5577,95.3222,77.16,84,100,7.54,ID,1675887381
116,joniskis,56.2403,23.6153,31.12,89,96,9.53,LT,1675887656
117,ostrovnoy,68.0531,39.5131,30.96,77,100,38.1,RU,1675887299
118,kapaa,22.0752,-159.319,78.78,76,100,21.85,US,1675887222
119,waipawa,-41.4122,175.5153,58.24,79,59,5.82,NZ,1675887657
120,zyryanka,65.75,150.85,-31.2,100,99,0.72,RU,1675887347
121,fillan,63.6064,8.9696,44.04,67,100,9.53,NO,1675887657
122,vila velha,-20.3297,-40.2925,82.35,65,20,10.36,BR,1675887599
123,soyo,-6.1349,12.3689,79.75,84,17,9.6,AO,1675887658
124,piacabucu,-10.4056,-36.4344,80.78,65,100,8.46,BR,1675887658
125,folldal,62.1325,9.9968,25.75,93,100,10.25,NO,1675887658
126,katherine,-14.4667,132.2667,80.92,83,100,8.05,AU,1675887659
127,gorontalo,0.5412,123.0595,72.75,92,100,3.13,ID,1675887659
128,lazaro cardenas,17.9583,-102.2,82.65,59,0,9.91,MX,1675887387
129,milkovo,54.7167,158.6167,-2.56,99,100,2.21,RU,1675887659
130,severo-kurilsk,50.6789,156.125,21.22,74,94,10.76,RU,1675887337
131,kodiak,57.79,-152.4072,27.91,43,0,6.91,US,1675887276
132,grand gaube,-20.0064,57.6608,79.38,77,8,7.0,MU,1675887660
133,chateaubelair,13.2833,-61.25,79.32,74,40,14.97,VC,1675887660
134,aksu,41.1231,80.2644,24.15,82,75,5.97,CN,1675887660
135,acajutla,13.5928,-89.8275,85.37,54,3,8.72,SV,1675887473
136,suntar,62.1444,117.6319,-51.88,100,65,0.78,RU,1675887464
137,bintulu,3.1667,113.0333,73.81,100,20,2.3,MY,1675887661
138,astakos,38.5356,21.0814,37.72,66,86,12.8,GR,1675887661
139,batagay-alyta,67.8006,130.4114,-45.15,99,66,3.42,RU,1675887662
140,avarua,-21.2078,-159.775,82.45,78,40,12.66,CK,1675887263
141,rocha,-34.4833,-54.3333,76.69,67,99,14.94,UY,1675887335
142,bethel,41.3712,-73.414,52.02,51,0,6.91,US,1675887461
143,phuket,8.0,98.25,79.02,83,20,3.44,TH,1675887414
144,manado,1.487,124.8455,70.57,100,40,1.14,ID,1675887664
145,sitka,57.0531,-135.33,37.29,75,40,8.05,US,1675887216
146,matipo,-20.2839,-42.3411,72.27,93,100,3.8,BR,1675887665
147,acarau,-2.8856,-40.12,81.37,73,68,12.15,BR,1675887491
148,mchinji,-13.7984,32.8802,63.48,96,100,2.95,MW,1675887667
149,nyurba,63.2842,118.3319,-54.11,100,68,1.28,RU,1675887667
150,vung tau,10.346,107.0843,78.06,80,35,20.4,VN,1675887668
151,vasilyevskiy mokh,57.0132,35.919,27.16,93,100,6.51,RU,1675887670
152,andilamena,-17.0167,48.5833,66.42,88,99,5.23,MG,1675887671
153,barrow,71.2906,-156.7887,-14.78,76,100,0.0,US,1675887235
154,bonthe,7.5264,-12.505,77.83,78,53,9.06,SL,1675887400
155,nouadhibou,20.931,-17.0347,66.18,59,40,16.11,MR,1675887673
156,upata,8.0086,-62.3989,82.38,51,100,4.68,VE,1675887675
157,crawfordsville,40.0411,-86.8745,50.14,53,100,6.91,US,1675887676
158,viedma,-40.8135,-62.9967,83.91,22,60,11.54,AR,1675887677
159,victor harbor,-35.5667,138.6167,67.68,83,4,3.29,AU,1675887678
160,mareeba,-17.0,145.4333,74.44,92,68,2.77,AU,1675887355
161,butaritari,3.0707,172.7902,79.75,85,94,19.95,KI,1675887219
162,iqaluit,63.7506,-68.5145,-6.68,83,100,8.52,CA,1675887229
163,brigantine,39.4101,-74.3646,61.0,65,0,13.8,US,1675887679
164,shingu,33.7333,135.9833,38.21,80,11,6.89,JP,1675887346
165,puerto narino,-3.7703,-70.3831,78.55,84,100,2.06,CO,1675887680
166,neryungri,56.6709,124.6491,-26.48,98,100,2.89,RU,1675887626
167,beloha,-25.1667,45.05,76.28,78,100,3.83,MG,1675887682
168,sao filipe,14.8961,-24.4956,69.66,72,32,12.1,CV,1675887294
169,placido de castro,-10.3353,-67.1856,86.11,62,50,4.07,BR,1675887682
170,souillac,-20.5167,57.5167,79.18,83,75,5.75,MU,1675887240
171,dunedin,-45.8742,170.5036,51.87,63,10,17.65,NZ,1675887452
172,mahebourg,-20.4081,57.7,79.25,83,75,5.75,MU,1675887125
173,puerto leguizamo,-0.1934,-74.7819,88.3,48,93,1.21,CO,1675887685
174,jalu,29.0331,21.5482,54.36,42,97,11.43,LY,1675887343
175,ponta do sol,32.6667,-17.1,59.72,66,64,6.4,PT,1675887226
176,jalapa,19.5333,-96.9167,75.13,51,7,7.27,MX,1675887443
177,pisco,-13.7,-76.2167,80.65,69,0,19.57,PE,1675887371
178,talnakh,69.4865,88.3972,-9.8,96,100,8.93,RU,1675887259
179,havelock,34.8791,-76.9013,73.36,50,0,10.36,US,1675887470
180,lagoa,39.05,-27.9833,56.48,61,52,13.53,PT,1675887141
181,eldorado,-23.7869,-54.2836,87.53,44,27,6.17,BR,1675887691
182,port hardy,50.6996,-127.4199,41.18,87,100,17.27,CA,1675887313
183,hede,33.7681,120.2517,41.2,80,100,9.24,CN,1675887693
184,dongsheng,39.8161,109.9776,26.24,96,100,12.08,CN,1675887247
185,ati,13.2154,18.3353,75.24,14,100,9.48,TD,1675887694
186,santa rosalia,27.3167,-112.2833,65.46,32,0,12.64,MX,1675887694
187,garowe,8.4054,48.4845,71.89,69,38,11.25,SO,1675887695
188,kendari,-3.945,122.4989,76.17,91,100,2.19,ID,1675887696
189,lucapa,-8.4192,20.7447,65.23,97,100,4.97,AO,1675887696
190,vanavara,60.34,102.2797,0.18,99,100,2.26,RU,1675887696
191,nushki,29.5542,66.0215,65.5,36,100,13.35,PK,1675887697
192,ban tak,17.0432,99.0813,68.22,37,4,4.72,TH,1675887697
193,athni,16.7333,75.0667,75.27,28,54,8.19,IN,1675887698
194,saldanha,-33.0117,17.9442,67.62,78,58,16.49,ZA,1675887511
195,selma,36.5708,-119.6121,59.02,76,0,0.0,US,1675887207
196,kismayo,-0.3582,42.5454,76.96,85,7,15.37,SO,1675887698
197,oyon,-10.6681,-76.7731,55.27,63,100,3.91,PE,1675887698
198,ayamonte,37.2099,-7.4027,51.37,79,5,8.9,ES,1675887699
199,kawalu,-7.3817,108.2082,72.55,95,100,0.85,ID,1675887348
200,muisne,0.6,-80.0333,82.2,72,16,9.93,EC,1675887699
201,annan,54.9884,-3.2565,45.97,87,100,27.34,GB,1675887700
202,codrington,-38.2667,141.9667,53.28,91,0,5.75,AU,1675887275
203,christchurch,-43.5333,172.6333,57.94,82,100,1.14,NZ,1675887700
204,puerto ayora,-0.7393,-90.3518,85.96,89,91,10.0,EC,1675887218
205,mattru,7.6244,-11.8332,79.57,68,84,5.61,SL,1675887700
206,juneau,58.3019,-134.4197,37.22,87,75,12.66,US,1675887408
207,santa maria del oro,25.9333,-105.3667,61.52,15,0,3.27,MX,1675887701
208,narsaq,60.9167,-46.05,12.42,95,100,8.66,GL,1675887350
209,ahipara,-35.1667,173.1667,66.81,73,3,8.25,NZ,1675886934
210,kailua,21.4022,-157.7394,78.78,61,75,17.27,US,1675887520
211,carlyle,38.6103,-89.3726,48.22,70,100,8.01,US,1675887403
212,maceio,-9.6658,-35.7353,81.84,74,75,11.5,BR,1675887595
213,mandera,3.9366,41.867,86.07,28,42,11.45,KE,1675887701
214,hami,42.8,93.45,32.09,57,1,6.51,CN,1675887538
215,kavieng,-2.5744,150.7967,80.85,78,100,8.95,PG,1675887312
216,mayumba,-3.432,10.6554,79.23,87,61,7.7,GA,1675887702
217,batagay,67.6333,134.6333,-57.08,99,66,1.86,RU,1675887702
218,bardiyah,31.7561,25.0865,54.03,62,100,17.63,LY,1675887702
219,ryotsu,38.0833,138.4333,36.19,58,89,21.18,JP,1675887703
220,kununurra,-15.7667,128.7333,82.38,89,40,4.61,AU,1675887614
221,wuwei,37.9281,102.6414,28.0,55,34,6.85,CN,1675887703
222,gizo,-8.103,156.8419,82.04,78,100,12.21,SB,1675887359
223,nago,26.5881,127.9761,65.25,76,44,8.32,JP,1675887290
224,lebu,-37.6167,-73.65,65.35,76,3,12.37,CL,1675887275
225,moundou,8.5667,16.0833,84.04,12,10,5.19,TD,1675887704
226,yulara,-25.2406,130.9889,80.76,43,5,6.87,AU,1675887704
227,olafsvik,64.8945,-23.7142,25.56,75,100,30.96,IS,1675887494
228,bilibino,68.0546,166.4372,-45.83,100,78,1.81,RU,1675887704
229,adre,13.4667,22.2,68.76,8,83,14.14,TD,1675887705
230,porto,41.1496,-8.611,54.91,53,0,11.99,PT,1675887431
231,darnah,32.767,22.6367,52.79,79,100,20.58,LY,1675887705
232,coihaique,-45.5752,-72.0662,71.55,49,75,8.05,CL,1675887283
233,manyana,-23.4,21.7167,74.46,62,63,4.68,BW,1675887705
234,capreol,46.706,-80.9225,37.87,60,20,13.8,CA,1675887706
235,taltal,-25.4,-70.4833,73.45,70,24,6.51,CL,1675887706
236,capitan bado,-23.2667,-55.5333,87.64,45,5,2.73,PY,1675887706
237,wencheng,33.0559,113.7978,40.1,96,100,9.01,CN,1675887707
238,jizan,17.3333,42.6667,79.74,68,12,8.63,SA,1675887707
239,tysmenytsya,48.9022,24.8448,11.68,97,23,3.51,UA,1675887707
240,vangaindrano,-23.35,47.6,73.94,93,99,5.95,MG,1675887708
241,general roca,-39.0333,-67.5833,95.63,16,0,9.35,AR,1675887708
242,san fernando,15.0286,120.6898,74.93,80,100,5.88,PH,1675887708
243,nipawin,53.3668,-104.0009,30.24,59,0,8.05,CA,1675887709
244,itarema,-2.9248,-39.9167,81.52,72,88,11.9,BR,1675887709
245,puerto carreno,6.189,-67.4859,90.63,42,99,11.23,CO,1675887710
246,catalina,32.5056,-110.9211,61.48,24,98,3.0,US,1675887710
247,eyl,7.9803,49.8164,74.64,82,26,11.56,SO,1675887501
248,huadian,42.9633,126.7478,-3.96,97,21,1.54,CN,1675887712
249,naliya,23.2667,68.8333,68.07,58,3,6.62,IN,1675887712
250,katsuura,35.1333,140.3,44.62,64,26,16.24,JP,1675887593
251,zyryanovsk,49.7386,84.2719,12.36,97,100,1.41,KZ,1675887713
252,zanzibar,-6.1639,39.1979,79.0,85,100,7.11,TZ,1675887713
253,suaita,6.1014,-73.4404,76.77,50,48,4.21,CO,1675887713
254,balakhta,55.38,91.6,3.88,98,99,3.27,RU,1675887714
255,vila franca do campo,37.7167,-25.4333,55.81,69,88,10.85,PT,1675887471
256,twentynine palms,34.1356,-116.0542,67.96,20,0,1.99,US,1675887648
257,orkney,-26.9802,26.6727,64.29,79,100,1.59,ZA,1675887714
258,dudinka,69.4058,86.1778,-9.38,93,100,15.5,RU,1675887715
259,cherskiy,68.75,161.3,-26.27,98,100,7.87,RU,1675887235
260,whitehorse,60.7161,-135.0538,21.09,73,20,17.27,CA,1675887702
261,chara,56.9064,118.2631,-14.31,78,32,1.57,RU,1675887715
262,mingyue,43.1069,128.9217,4.62,94,12,2.93,CN,1675887715
263,sokoni,-6.4333,39.55,81.19,80,100,11.39,TZ,1675887716
264,singaraja,-8.112,115.0882,77.59,88,100,0.98,ID,1675887716
265,plettenberg bay,-34.0527,23.3716,66.34,82,91,11.54,ZA,1675887287
266,zhangye,38.9342,100.4517,28.13,60,1,6.96,CN,1675887716
267,gorlice,49.6556,21.1604,10.31,96,31,2.57,PL,1675887717
268,bousse,12.6606,-1.8922,84.43,13,93,8.28,BF,1675887717
269,cabo san lucas,22.8909,-109.9124,80.62,39,0,4.61,MX,1675887066
270,port blair,11.6667,92.75,75.67,73,65,8.12,IN,1675887463
271,bantou,26.2151,117.4893,60.4,98,100,2.26,CN,1675887717
272,yar-sale,66.8333,70.8333,15.75,94,40,16.67,RU,1675887335
273,saint-augustin,51.226,-58.6502,21.7,96,100,2.82,CA,1675887417
274,pangnirtung,66.1451,-65.7125,-21.3,75,16,6.64,CA,1675886986
275,bahraich,27.5833,81.6,55.0,53,0,6.06,IN,1675887718
276,algiers,36.7525,3.042,49.82,87,40,3.44,DZ,1675887671
277,amuntai,-2.4177,115.2494,72.75,98,99,2.21,ID,1675887718
278,shevchenkove,49.6959,37.1735,15.24,94,6,4.92,UA,1675887719
279,nikolayevka,53.1257,47.2041,15.04,90,100,9.73,RU,1675887719
280,ardakan,32.31,54.0175,47.66,40,2,7.25,IR,1675887719
281,bermejo,-32.8833,-68.8,94.91,31,20,3.44,AR,1675887720
282,baykit,61.67,96.37,2.16,99,100,0.81,RU,1675887418
283,baiyin,36.5583,104.2081,18.0,90,10,4.56,CN,1675887587
284,thompson,55.7435,-97.8558,21.36,86,100,6.91,CA,1675887287
285,broken hill,-31.95,141.4333,72.25,23,0,3.11,AU,1675887720
286,sinnamary,5.3833,-52.95,77.47,88,100,12.06,GF,1675887721
287,zhanaozen,43.3,52.8,29.46,64,95,18.77,KZ,1675887721
288,labrea,-7.2586,-64.7981,85.24,60,29,3.2,BR,1675887721
289,port hedland,-20.3167,118.5667,82.45,89,75,6.91,AU,1675887345
290,touros,-5.1989,-35.4608,81.81,66,89,13.96,BR,1675887722
291,chapada dos guimaraes,-15.4606,-55.7497,80.26,64,92,3.31,BR,1675887723
292,bambous virieux,-20.3428,57.7575,79.21,83,75,5.75,MU,1675887288
293,torbay,47.6666,-52.7314,33.28,96,100,18.41,CA,1675887121
294,saint anthony,45.0205,-93.218,44.53,57,0,12.66,US,1675887289
295,jiayuguan,39.8167,98.3,25.43,62,0,4.09,CN,1675887725
296,kangaatsiaq,68.3065,-53.4641,-18.99,87,5,12.37,GL,1675887727
297,norman wells,65.282,-126.8329,-11.88,97,93,4.65,CA,1675887218
298,stolnici,44.5667,24.7833,26.06,84,44,4.25,RO,1675887729
299,pevek,69.7008,170.3133,-28.44,100,100,7.67,RU,1675887234
300,brownsville,25.9018,-97.4975,68.09,79,100,18.41,US,1675887733
301,bontang,0.1333,117.5,75.79,86,100,6.58,ID,1675887735
302,tibana,46.9833,27.3333,17.98,97,29,5.06,RO,1675887736
303,temirtau,50.0544,72.9483,-1.64,98,99,10.2,KZ,1675887737
304,malmesbury,-33.4608,18.7271,69.78,54,1,8.25,ZA,1675887738
305,nakanojo,36.5833,138.85,35.56,47,12,1.01,JP,1675887739
306,marawi,7.9986,124.2928,67.32,95,100,0.63,PH,1675887739
307,popondetta,-8.7537,148.2534,73.17,96,77,2.77,PG,1675887740
308,joensuu,62.6012,29.7632,32.49,93,100,10.36,FI,1675887741
309,sao joao da barra,-21.6403,-41.0511,80.69,91,100,7.54,BR,1675887480
310,carnarvon,-24.8667,113.6333,78.06,75,7,14.76,AU,1675887221
311,benghazi,32.1167,20.0667,56.34,67,98,23.96,LY,1675887742
312,nexo,55.0607,15.1306,33.89,69,20,23.89,DK,1675887744
313,navirai,-23.065,-54.1906,85.95,56,28,0.87,BR,1675887746
314,sao miguel do araguaia,-13.275,-50.1628,83.43,71,81,5.86,BR,1675887224
315,kattivakkam,13.2167,80.3167,75.29,72,100,6.29,IN,1675887296
316,quatre cocos,-20.2078,57.7625,79.09,81,24,12.35,MU,1675887215
317,constitucion,-35.3333,-72.4167,70.86,59,13,13.35,CL,1675887057
318,hingatungan,10.584,125.1852,76.98,87,100,13.13,PH,1675887753
319,orlik,52.5178,99.825,-13.34,96,98,2.64,RU,1675887753
320,jonkoping,57.7814,14.1562,33.51,80,0,17.27,SE,1675887754
321,sussex,41.1834,-74.6663,53.55,44,0,7.0,US,1675887756
322,puerto maldonado,-12.6,-69.1833,73.8,88,75,3.44,PE,1675887756
323,ilulissat,69.2167,-51.1,-7.58,54,0,5.75,GL,1675886988
324,agadir,30.4202,-9.5982,57.65,71,0,4.18,MA,1675887693
325,haines junction,60.7522,-137.5108,13.95,85,96,2.3,CA,1675887264
326,xingcheng,40.6167,120.7167,27.75,61,100,1.19,CN,1675887757
327,puerto escondido,15.85,-97.0667,92.23,52,0,11.5,MX,1675887758
328,san lawrenz,36.0553,14.204,49.41,77,100,23.6,MT,1675887758
329,cap-aux-meules,47.3821,-61.8597,28.42,80,100,18.41,CA,1675887758
330,sorgun,39.8101,35.186,18.41,97,100,1.57,TR,1675887759
331,catio,11.2833,-15.25,75.42,71,0,7.72,GW,1675887759
332,atambua,-9.1061,124.8925,72.57,93,97,0.6,ID,1675887293
333,ambon,-3.6954,128.1814,77.14,94,40,2.3,ID,1675887589
334,aberdare,51.7144,-3.4492,45.09,95,100,7.29,GB,1675887760
335,uvira,-3.4067,29.1458,74.03,81,97,1.66,CD,1675887760
336,kapoeta,4.7717,33.5903,87.03,21,0,9.73,SS,1675887469
337,santo tomas,14.1079,121.1414,75.56,89,100,6.33,PH,1675887760
338,evanston,42.0411,-87.6901,45.57,66,75,4.61,US,1675887583
339,airai,-8.9266,125.4092,59.45,95,99,1.25,TL,1675887217
340,paramonga,-10.6667,-77.8333,77.41,73,35,11.32,PE,1675887761
341,valparaiso,-33.0393,-71.6273,73.63,69,40,10.36,CL,1675887674
342,omsukchan,62.5333,155.8,-40.49,99,71,3.85,RU,1675887761
343,shenjiamen,29.9576,122.298,50.61,85,100,13.38,CN,1675887761
344,caarapo,-22.6342,-54.8222,83.88,59,72,5.19,BR,1675887762
345,kavaratti,10.5669,72.642,79.36,76,91,8.86,IN,1675887762
346,faya,18.3851,42.4509,55.51,70,99,3.44,SA,1675887762
347,srikakulam,18.3,83.9,69.46,86,79,5.03,IN,1675887763
348,kaitangata,-46.2817,169.8464,48.94,75,66,13.2,NZ,1675887417
349,san juan,-31.5375,-68.5364,95.88,22,0,9.17,AR,1675887717
350,teguldet,57.3064,88.1667,1.9,98,100,3.56,RU,1675887763
351,tautira,-17.7333,-149.15,79.74,75,20,8.32,PF,1675887357
352,markova,48.6758,24.4138,12.79,95,19,4.27,UA,1675887763
353,aron,24.3833,77.4167,60.4,35,3,2.28,IN,1675887764
354,marsh harbour,26.5412,-77.0636,73.96,59,73,14.05,BS,1675887600
355,mazagao,-0.115,-51.2894,86.05,86,84,5.26,BR,1675887764
356,kulhudhuffushi,6.6221,73.07,80.06,71,100,2.19,MV,1675887764
357,luderitz,-26.6481,15.1594,64.02,93,0,15.01,NA,1675887458
358,skibbereen,51.55,-9.2667,49.1,89,100,16.67,IE,1675887522
359,labuhan,-6.8844,112.2051,76.91,88,100,11.12,ID,1675887282
360,plouzane,48.3833,-4.6167,39.52,81,0,4.61,FR,1675887187
361,kieta,-6.2167,155.6333,79.57,85,100,6.38,PG,1675887765
362,guerrero,17.6667,-100.0,79.02,41,69,2.73,MX,1675887765
363,korla,41.7597,86.1469,29.75,64,18,2.08,CN,1675887538
364,turbiv,49.3479,28.7212,14.65,94,5,3.27,UA,1675887766
365,saint-pierre,-21.3393,55.4781,74.88,73,20,8.05,RE,1675887538
366,todos santos,23.45,-110.2167,79.05,62,0,5.91,MX,1675887766
367,dingle,10.9995,122.6711,72.86,91,100,7.67,PH,1675887227
368,kinablangan,7.6947,126.5503,75.0,90,97,6.29,PH,1675887766
369,nhulunbuy,-12.2333,136.7667,79.41,94,98,0.0,AU,1675887767
370,manokwari,-0.8667,134.0833,77.32,83,100,11.65,ID,1675887346
371,esperance,-33.8667,121.9,66.24,72,100,12.19,AU,1675887322
372,ust-nera,64.5667,143.2,-43.49,98,80,1.36,RU,1675887767
373,catarman,12.4989,124.6377,75.24,88,73,8.72,PH,1675887768
374,wolverhampton,52.5855,-2.123,40.28,81,87,1.01,GB,1675887768
375,beatrice,40.2681,-96.747,51.89,37,0,4.61,US,1675887768
376,cartago,4.7464,-75.9117,85.35,54,65,3.51,CO,1675887768
377,gogrial,8.5332,28.1004,77.65,16,4,5.75,SS,1675887769
378,kuusamo,65.9667,29.1833,26.64,86,20,13.8,FI,1675887769
379,lusambo,-4.9667,23.45,67.75,97,87,0.58,CD,1675887769
380,hambantota,6.1241,81.1185,75.51,80,100,13.09,LK,1675887354
381,lethem,3.3803,-59.7968,89.65,46,90,8.79,GY,1675887547
382,ugoofaaru,5.6667,73.0,80.35,69,64,1.61,MV,1675887770
383,warragul,-38.1667,145.9333,57.04,92,100,4.5,AU,1675887770
384,port lincoln,-34.7333,135.8667,65.35,81,0,9.8,AU,1675887230
385,udimskiy,61.1417,45.9144,10.47,99,53,3.27,RU,1675887770
386,grindavik,63.8424,-22.4338,28.35,80,75,33.38,IS,1675887127
387,velikiy ustyug,60.7644,46.3106,10.81,100,53,2.71,RU,1675887771
388,marihatag,8.7936,126.2969,73.92,93,100,4.41,PH,1675887771
389,klaeng,12.7797,101.6483,81.0,100,1,2.95,TH,1675887771
390,canyon lake,29.8752,-98.2625,57.85,79,100,11.01,US,1675887772
391,portland,45.5234,-122.6762,51.78,79,75,5.01,US,1675887387
392,arlit,18.7369,7.3853,78.98,13,2,6.33,NE,1675887538
393,constantine,36.365,6.6147,42.21,93,75,11.5,DZ,1675887772
394,stargard szczecinski,53.3367,15.0499,29.77,77,9,9.44,PL,1675887773
395,elko,41.0002,-115.5012,35.62,60,98,5.99,US,1675887773
396,ovsyanka,55.9575,92.5519,2.37,97,100,2.93,RU,1675887773
397,dehloran,32.6941,47.2679,49.68,61,70,7.34,IR,1675887774
398,kargasok,59.0556,80.8572,-17.27,100,72,4.34,RU,1675887772
399,tigil,57.8,158.6667,-12.84,99,100,2.93,RU,1675887774
400,guerrero negro,27.9769,-114.0611,68.23,21,0,4.61,MX,1675887356
401,agadez,19.75,10.25,70.14,19,41,8.1,NE,1675887774
402,barreiros,-8.8183,-35.1864,80.91,69,89,7.65,BR,1675887775
403,baldeo,27.4167,77.8167,56.8,43,0,5.91,IN,1675887775
404,davila,18.4726,120.5763,75.09,73,9,5.84,PH,1675887775
405,bambanglipuro,-7.95,110.2833,75.7,93,100,8.37,ID,1675887776
406,nacala,-14.5428,40.6728,75.56,91,100,5.01,MZ,1675887776
407,omboue,-1.5746,9.2618,79.23,85,47,5.57,GA,1675887214
408,savannah bight,16.45,-85.85,79.25,75,0,20.11,HN,1675887776
409,salinas,36.6777,-121.6555,66.83,51,0,4.61,US,1675887533
410,anjiang,27.3194,110.1031,48.78,97,100,2.98,CN,1675887777
411,mount gambier,-37.8333,140.7667,53.49,89,5,4.52,AU,1675887122
412,aswan,24.0934,32.907,58.46,29,100,10.54,EG,1675887516
413,eureka,40.8021,-124.1637,56.68,77,39,3.0,US,1675887742
414,iracoubo,5.4802,-53.2011,77.09,89,96,11.92,GF,1675887619
415,malakal,9.5334,31.6605,78.44,16,0,6.62,SS,1675887777
416,raudeberg,61.9875,5.1352,43.47,84,100,49.21,NO,1675887778
417,richards bay,-28.783,32.0377,73.78,93,94,11.25,ZA,1675887239
418,turukhansk,65.8167,87.9833,-7.46,99,100,5.41,RU,1675887778
419,xichang,27.8964,102.2634,41.67,69,6,3.58,CN,1675887779
420,vostok,46.4856,135.8833,-11.42,99,100,4.18,RU,1675887780
421,altamira,-3.2033,-52.2064,84.29,79,40,5.75,BR,1675887780
422,goalpara,26.1667,90.6167,61.38,71,34,7.07,IN,1675887781
423,portel,-1.9356,-50.8211,81.84,82,88,3.33,BR,1675887781
424,chumikan,54.7183,135.315,-23.84,88,69,14.76,RU,1675887295
425,okhotsk,59.3833,143.3,-20.13,84,61,11.5,RU,1675887781
426,pathalgaon,22.5667,83.4667,57.99,34,2,6.91,IN,1675887782
427,campos novos,-27.4017,-51.225,86.49,23,39,5.93,BR,1675887784
428,gillette,44.2911,-105.5022,38.32,48,100,13.8,US,1675887694
429,atasu,48.6814,71.6433,9.61,94,100,10.65,KZ,1675887785
430,cabedelo,-6.9811,-34.8339,83.07,71,100,13.38,BR,1675887786
431,apache junction,33.4151,-111.5496,65.23,25,0,5.99,US,1675887552
432,kalmunai,7.4167,81.8167,76.24,84,100,6.04,LK,1675887787
433,maraa,-1.8333,-65.3667,81.81,82,91,3.8,BR,1675887788
434,havre-saint-pierre,50.2334,-63.5986,28.4,86,100,9.22,CA,1675887518
435,pacific grove,36.6177,-121.9166,66.42,58,0,5.01,US,1675887338
436,roma,43.2128,-75.4557,44.69,57,20,12.66,US,1675887603
437,bolu,40.6667,31.5833,22.32,96,99,2.01,TR,1675887792
438,hamilton,39.1834,-84.5333,55.99,50,100,6.91,US,1675887206
439,la ronge,55.1001,-105.2842,21.45,53,20,11.5,CA,1675887295
440,langarud,37.197,50.1535,41.05,88,100,9.53,IR,1675887794
441,saint-leu,-21.15,55.2833,76.03,78,49,7.38,RE,1675887795
442,laguna,38.421,-121.4238,62.69,64,0,3.0,US,1675887555
443,hay river,60.8156,-115.7999,8.56,66,20,4.61,CA,1675887797
444,hovd,48.0056,91.6419,1.53,83,87,1.9,MN,1675887797
445,mocuba,-16.8392,36.9856,73.51,97,100,3.04,MZ,1675887590
446,kayerkan,69.3497,87.7602,-10.48,83,100,6.85,RU,1675887798
447,niimi,34.9833,133.4667,36.54,86,100,3.94,JP,1675887799
448,miri,4.4148,114.0089,77.14,94,40,4.61,MY,1675887800
449,katima mulilo,-17.5,24.2667,71.69,80,70,5.95,NA,1675887801
450,beira,-19.8436,34.8389,77.4,90,100,5.55,MZ,1675887801
451,luwuk,-0.9516,122.7875,77.22,77,100,4.05,ID,1675887802
452,sarny,51.338,26.6019,21.15,88,47,4.14,UA,1675887802
453,padang,-0.9492,100.3543,73.45,88,100,4.63,ID,1675887582
454,mersing,2.4312,103.8405,76.35,87,95,6.6,MY,1675887278
455,kijang,35.2442,129.2139,33.53,44,57,7.76,KR,1675887806
456,zhigansk,66.7697,123.3711,-44.28,98,99,7.47,RU,1675887240
457,pringsewu,-5.3582,104.9744,71.76,91,91,2.57,ID,1675887810
458,hofn,64.2539,-15.2082,24.35,58,83,8.1,IS,1675887223
459,verkhnevilyuysk,63.4453,120.3167,-56.54,100,72,1.07,RU,1675887811
460,mallapuram,11.9667,78.25,67.68,72,82,3.31,IN,1675887811
461,kirensk,57.7853,108.1119,15.28,96,100,5.12,RU,1675887812
462,thinadhoo,0.5333,72.9333,81.03,72,18,8.75,MV,1675887812
463,bose,45.4612,8.0137,33.84,62,45,2.13,IT,1675887813
464,przhevalskoye,55.5093,31.8482,26.96,95,100,6.85,RU,1675887814
465,sungurlu,40.1675,34.3739,22.95,95,98,1.05,TR,1675887814
466,peniche,39.3558,-9.3811,53.46,75,93,22.73,PT,1675887814
467,daru,-9.0763,143.2092,76.15,92,100,12.08,PG,1675887815
468,tucuman,-26.8241,-65.2226,93.2,55,75,6.91,AR,1675887616
469,simga,21.6333,81.7,62.24,27,5,6.71,IN,1675887815
470,maarianhamina,60.0973,19.9348,37.26,93,100,17.27,AX,1675887815
471,sorland,67.667,12.6934,44.46,90,100,55.14,NO,1675887292
472,berlevag,70.8578,29.0864,39.2,70,0,43.73,NO,1675887816
473,okha,53.5739,142.9478,-23.21,96,100,11.41,RU,1675887192
474,inverell,-29.7833,151.1167,64.11,86,91,4.41,AU,1675887816
475,muroto,33.2833,134.15,49.05,62,42,9.13,JP,1675887816
476,celestun,20.8667,-90.4,85.53,56,15,1.77,MX,1675887817
477,kimparana,12.8347,-4.9244,88.41,12,47,6.8,ML,1675887817
478,alofi,-19.0595,-169.9187,82.29,83,75,9.22,NU,1675887232
479,egvekinot,66.3167,-179.1667,-16.38,94,100,5.12,RU,1675887817
480,caravelas,-17.7125,-39.2481,81.34,69,56,9.91,BR,1675887228
481,hue,16.4667,107.6,71.71,100,20,1.14,VN,1675887818
482,zhaotong,27.3167,103.7167,38.01,80,93,7.29,CN,1675887818
483,ranavav,21.6842,69.7408,71.58,36,5,6.15,IN,1675887818
484,alanya,36.5438,31.9998,42.93,42,0,8.28,TR,1675887819
485,olga,43.7444,135.2892,4.46,83,4,4.97,RU,1675887819
486,alta floresta,-9.8756,-56.0861,89.42,62,40,5.75,BR,1675887819
487,shache,38.4167,77.2406,28.18,56,73,1.59,CN,1675887820
488,mitu,1.1983,-70.1733,86.36,59,35,2.44,CO,1675887820
489,keetmanshoop,-26.5833,18.1333,80.89,42,91,18.39,NA,1675887820
490,avera,33.194,-82.5271,75.38,62,100,7.0,US,1675887467
491,goderich,43.7501,-81.7165,39.52,65,60,9.22,CA,1675887821
492,isangel,-19.55,169.2667,80.71,89,100,6.91,VU,1675887408
493,cordoba,-31.4135,-64.1811,76.05,69,40,3.44,AR,1675887572
494,rio cuarto,-33.1307,-64.3499,89.37,33,20,11.5,AR,1675887523
495,the valley,18.217,-63.0578,80.74,65,40,18.41,AI,1675887527
496,karrapur,23.95,78.85,59.86,33,0,3.87,IN,1675887821
497,makubetsu,45.3714,141.8211,15.4,74,100,17.38,JP,1675887822
498,rondonopolis,-16.4708,-54.6356,87.76,61,73,3.56,BR,1675887654
499,asfi,32.2994,-9.2372,58.37,80,49,7.85,MA,1675887822
500,santa rosa,14.3122,121.1114,77.09,82,100,10.45,PH,1675887723
501,tubuala,9.5167,-79.0333,79.25,83,55,16.46,PA,1675887822
502,ancud,-41.8697,-73.8203,65.21,74,12,9.35,CL,1675887239
503,loreto,22.2667,-101.9667,73.53,22,6,12.57,MX,1675887823
504,monterey,36.2505,-121.2516,63.18,1,3,1.57,US,1675887823
505,chifeng,42.2683,118.9636,20.5,35,100,2.28,CN,1675887823
506,aljezur,37.3191,-8.8033,50.02,83,0,5.21,PT,1675887824
507,sioux lookout,50.1001,-91.917,32.07,64,75,3.44,CA,1675887316
508,rura,26.4833,79.9,56.44,45,0,7.38,IN,1675887824
509,alappuzha,9.49,76.3264,77.25,82,23,4.47,IN,1675887824
510,tessalit,20.1986,1.0114,74.12,16,5,10.58,ML,1675887499
511,fremont,37.5483,-121.9886,66.2,59,0,4.61,US,1675887825
512,srednekolymsk,67.45,153.6833,-27.58,97,100,6.49,RU,1675887825
513,ruteng,-8.6136,120.4721,62.24,88,83,1.59,ID,1675887826
514,leningradskiy,69.3833,178.4167,-21.84,94,100,4.32,RU,1675887313
515,magistralnyy,56.1725,107.4458,13.17,96,100,3.33,RU,1675887827
516,tarko-sale,64.9225,77.785,3.9,95,100,20.09,RU,1675887827
517,barentu,15.1139,37.5928,64.89,60,46,4.81,ER,1675887827
518,beringovskiy,63.05,179.3167,-28.53,97,27,5.32,RU,1675887828
519,ina,35.8276,137.9538,28.71,77,20,4.21,JP,1675887828
520,buchanan,5.8808,-10.0467,78.87,85,100,6.62,LR,1675887828
521,kouango,4.9934,19.9619,82.8,14,6,2.19,CF,1675887829
522,pacifica,37.6138,-122.4869,64.4,72,20,12.66,US,1675887829
523,najran,17.4924,44.1277,68.65,26,85,2.68,SA,1675887281
524,amboise,47.4125,0.9827,36.14,82,0,3.44,FR,1675887829
525,paamiut,61.994,-49.6678,26.24,95,100,28.97,GL,1675887829
526,saint-louis,16.3333,-15.0,84.18,13,82,9.8,SN,1675887830
527,naldurg,17.8167,76.3,73.47,29,63,10.45,IN,1675887830
528,samarai,-10.6167,150.6667,78.87,87,100,15.28,PG,1675887518
529,iralaya,15.0,-83.2333,79.92,73,0,13.27,HN,1675887830
530,vestmannaeyjar,63.4427,-20.2734,31.41,54,100,43.98,IS,1675887340
531,vestmanna,62.1564,-7.1664,32.92,80,75,23.02,FO,1675887408
532,provideniya,64.3833,-173.3,-18.29,95,92,3.94,RU,1675887286
533,melioratorov,57.2107,65.6077,8.98,85,100,11.18,RU,1675887831
534,paka,4.6374,103.4368,75.13,100,100,0.0,MY,1675887831
535,komsomolskiy,40.4272,71.7189,38.12,81,100,6.91,UZ,1675887541
536,margate,51.3813,1.3862,31.1,60,22,11.01,GB,1675887352
537,bathsheba,13.2167,-59.5167,83.01,65,20,18.41,BB,1675887369
538,ngunguru,-35.6167,174.5,64.71,76,6,8.39,NZ,1675887832
539,gamba,-2.65,10.0,79.07,88,95,6.85,GA,1675887832
540,namtsy,62.7161,129.6658,-52.29,100,100,1.88,RU,1675887832
541,iskateley,67.6803,53.1512,24.78,82,100,16.2,RU,1675887581
542,biysk,52.5364,85.2072,-1.68,100,98,2.77,RU,1675887833
543,northam,51.0333,-4.2167,44.62,84,94,9.62,GB,1675887596
544,ta khmau,11.4833,104.95,78.85,89,20,6.91,KH,1675887833
545,amos,48.5669,-78.1162,22.3,88,100,6.24,CA,1675887833
546,ternate,0.8,127.4,76.64,83,99,7.23,ID,1675887786
547,podgorica,42.4411,19.2636,40.5,32,0,12.66,ME,1675887834
548,pangkalanbuun,-2.6833,111.6167,73.51,96,92,2.77,ID,1675887576
549,nikki,9.9401,3.2108,82.99,14,72,4.63,BJ,1675887834
550,saurimo,-9.6608,20.3916,66.61,85,78,5.73,AO,1675887834
551,fortuna,40.5982,-124.1573,54.66,85,75,1.99,US,1675887348
552,granja,-3.1203,-40.8261,79.81,83,100,7.09,BR,1675887835
553,kankon,15.0167,74.0167,75.16,62,100,4.14,IN,1675887424
554,alexandria,31.2156,29.9553,50.54,53,100,14.41,EG,1675887835
555,baghdad,33.3406,44.4009,46.31,71,0,6.91,IQ,1675887477
556,fort nelson,58.8053,-122.7002,15.94,64,75,5.01,CA,1675887423
557,zaysan,47.4667,84.8667,10.9,89,100,2.39,KZ,1675887836
